millis,stamp,datetime,motion
999, 1532360309, 2018/7/23 15:38:29, Active
1999, 1532360310, 2018/7/23 15:38:30, Active
2999, 1532360311, 2018/7/23 15:38:31, Active
3999, 1532360312, 2018/7/23 15:38:32, Active
4999, 1532360313, 2018/7/23 15:38:33, Active
5999, 1532360314, 2018/7/23 15:38:34, Active
6999, 1532360315, 2018/7/23 15:38:35, Active
7999, 1532360316, 2018/7/23 15:38:36, Active
8999, 1532360317, 2018/7/23 15:38:37, Active
9999, 1532360318, 2018/7/23 15:38:38, Active
10999, 1532360319, 2018/7/23 15:38:39, Active
11999, 1532360320, 2018/7/23 15:38:40, Active
12999, 1532360321, 2018/7/23 15:38:41, Active
14000, 1532360322, 2018/7/23 15:38:42, Active
14999, 1532360323, 2018/7/23 15:38:43, Active
16000, 1532360324, 2018/7/23 15:38:44, Active
16999, 1532360325, 2018/7/23 15:38:45, Active
17999, 1532360326, 2018/7/23 15:38:46, Active
